{
  "project_info": {
    "project_number": "235125602115",
    "project_id": "bytoolbag",
    "storage_bucket": "bytoolbag.appspot.com"
  },
  "client": [
    {
      "client_info": {
        "mobilesdk_app_id": "1:235125602115:android:c46d0ebf808611241f21f6",
        "android_client_info": {
          "package_name": "com.example.flutter_toolbag"
        }
      },
      "oauth_client": [
        {
          "client_id": "235125602115-38dtborj7iehnuu7iq40ndqe50j3fcjt.apps.googleusercontent.com",
          "client_type": 3
        }
      ],
      "api_key": [
        {
          "current_key": "AIzaSyBnw49SWc4dOih9Tvkhv28b8slhw_hiTQo"
        }
      ],
      "services": {
        "appinvite_service": {
          "other_platform_oauth_client": [
            {
              "client_id": "235125602115-38dtborj7iehnuu7iq40ndqe50j3fcjt.apps.googleusercontent.com",
              "client_type": 3
            }
          ]
        }
      }
    }
  ],
  "configuration_version": "1"
}